{"cameraMode":{"drawMode":0,"name":"Shaded","section":"Shading Mode"},"sceneLighting":true,"audioPlay":false,"sceneViewState":{"m_AlwaysRefresh":false,"showFog":true,"showSkybox":true,"showFlares":true,"showImageEffects":true,"showParticleSystems":true,"showVisualEffectGraphs":true,"m_FxEnabled":true},"in2DMode":false,"pivot":{"x":2.5953481197357179,"y":-130.45037841796876,"z":1148.0489501953125},"rotation":{"x":-0.0647646114230156,"y":0.0005955168744549155,"z":-0.000038891390431672335,"w":-0.9979047775268555},"size":819.1431274414063,"orthographic":false}