{"cameraMode":{"drawMode":0,"name":"Shaded","section":"Shading Mode"},"sceneLighting":true,"audioPlay":false,"sceneViewState":{"m_AlwaysRefresh":false,"showFog":true,"showSkybox":true,"showFlares":true,"showImageEffects":true,"showParticleSystems":true,"showVisualEffectGraphs":true,"m_FxEnabled":true},"in2DMode":false,"pivot":{"x":-0.3904261589050293,"y":16.47012710571289,"z":25.498580932617189},"rotation":{"x":0.09286370873451233,"y":0.004480729345232248,"z":-0.0004134400805924088,"w":0.9956527948379517},"size":33.331119537353519,"orthographic":false}