{"cameraMode":{"drawMode":0,"name":"Shaded","section":"Shading Mode"},"sceneLighting":true,"audioPlay":false,"sceneViewState":{"m_AlwaysRefresh":false,"showFog":true,"showSkybox":true,"showFlares":true,"showImageEffects":true,"showParticleSystems":true,"showVisualEffectGraphs":true,"m_FxEnabled":true},"in2DMode":false,"pivot":{"x":-4.685676574707031,"y":6.453816890716553,"z":-24.006593704223634},"rotation":{"x":0.09229546785354614,"y":0.11029524356126785,"z":-0.010279032401740551,"w":0.9895567297935486},"size":3.7231879234313967,"orthographic":false}